timestamp,open,high,low,close,volume
2025-11-12 02:00:00,99.44,100.09,98.87,99.25,9001.65
2025-11-12 03:00:00,99.24,99.94,99.1,99.45,7436.404
2025-11-12 04:00:00,99.47,99.65,99.2,99.5,7154.395
2025-11-12 05:00:00,99.55,99.87,99.33,99.77,9057.012
2025-11-12 06:00:00,99.77,99.98,99.34,99.47,8102.041
2025-11-12 07:00:00,99.47,100.21,99.33,99.59,8583.601
2025-11-12 08:00:00,99.61,102.75,99.59,101.27,5467.342
2025-11-12 09:00:00,101.3,102.57,100.74,101.8,13820.74
2025-11-12 10:00:00,101.81,102.67,101.65,102.25,8541.658
2025-11-12 11:00:00,102.28,102.87,101.85,102.1,12297.579
2025-11-12 12:00:00,102.06,103.17,101.74,102.73,13313.61
2025-11-12 13:00:00,102.76,104.3,102.42,103.9,17516.141
2025-11-12 14:00:00,103.89,103.96,100.41,101.49,11776.967
2025-11-12 15:00:00,101.49,102.15,99.65,100.02,12244.301
2025-11-12 16:00:00,100.0,100.27,95.15,95.33,19305.326
2025-11-12 17:00:00,95.3,97.02,95.16,96.17,16571.747
2025-11-12 18:00:00,96.18,97.18,96.14,96.41,13498.221
2025-11-12 19:00:00,96.4,97.99,94.91,97.21,14478.985
2025-11-12 20:00:00,97.19,98.7,96.91,98.38,22372.904
2025-11-12 21:00:00,98.44,98.9,97.53,98.37,14414.717
2025-11-12 22:00:00,98.33,98.33,97.33,98.17,14238.776
2025-11-12 23:00:00,98.16,98.16,97.4,97.62,9243.619
2025-11-13 00:00:00,97.62,98.56,97.53,98.06,4938.313
2025-11-13 01:00:00,98.06,99.4,98.01,98.89,3913.985
2025-11-13 02:00:00,98.83,99.77,98.7,99.21,2749.909
2025-11-13 03:00:00,99.21,99.96,97.66,99.04,6564.399
2025-11-13 04:00:00,99.07,99.83,98.51,99.62,3612.413
2025-11-13 05:00:00,99.59,101.25,99.01,101.08,9161.002
2025-11-13 06:00:00,101.09,101.79,100.83,100.86,4680.646
2025-11-13 07:00:00,100.89,101.76,100.49,100.63,4659.241
2025-11-13 08:00:00,100.62,101.05,100.12,100.3,4048.57
2025-11-13 09:00:00,100.34,100.45,98.99,99.65,7074.69435708
2025-11-13 10:00:00,99.68,100.46,99.19,99.37,4233.568
2025-11-13 11:00:00,99.37,100.45,99.37,100.2,3951.216
2025-11-13 12:00:00,100.22,101.04,99.82,100.98,4592.262
2025-11-13 13:00:00,100.98,101.21,99.98,100.8,5092.206
2025-11-13 14:00:00,100.8,102.74,100.1,101.9,13226.965
2025-11-13 15:00:00,101.77,101.77,98.61,99.58,10218.573
2025-11-13 16:00:00,99.54,100.09,97.08,97.38,10236.835
2025-11-13 17:00:00,97.36,97.48,95.53,95.74,8304.367
2025-11-13 18:00:00,95.81,96.08,93.67,95.35,11715.82472881
2025-11-13 19:00:00,95.33,95.95,94.51,95.03,11502.598
2025-11-13 20:00:00,95.0,95.56,94.34,94.8,11306.542
2025-11-13 21:00:00,94.8,95.44,94.21,94.96,9421.388
2025-11-13 22:00:00,94.97,96.79,94.69,96.5,14371.15988456
2025-11-13 23:00:00,96.54,97.57,95.94,96.54,11554.697
2025-11-14 00:00:00,96.54,97.26,95.7,95.94,10363.559
2025-11-14 01:00:00,95.9,96.27,95.53,95.71,9782.46
2025-11-14 02:00:00,95.8,96.95,95.72,96.32,9792.986
2025-11-14 03:00:00,96.35,96.53,95.68,96.36,10755.704
2025-11-14 04:00:00,96.38,96.5,93.3,95.35,16118.088
2025-11-14 05:00:00,95.35,96.6,95.08,96.21,9204.116
2025-11-14 06:00:00,96.21,97.67,95.13,97.53,15936.413
2025-11-14 07:00:00,97.53,99.07,96.66,98.19,16481.96
2025-11-14 08:00:00,98.19,98.2,96.89,97.41,14825.488
2025-11-14 09:00:00,97.41,97.64,95.56,95.67,13547.454
2025-11-14 10:00:00,95.65,96.7,95.65,96.22,13547.84872865
2025-11-14 11:00:00,96.22,96.45,95.33,96.09,13163.308
2025-11-14 12:00:00,96.09,96.4,94.23,95.99,13699.696
2025-11-14 13:00:00,96.0,96.59,94.12,95.29,13569.425
2025-11-14 14:00:00,95.29,96.91,93.74,96.43,14661.44899008
2025-11-14 15:00:00,96.38,97.83,95.4,96.9,13614.45099847
2025-11-14 16:00:00,96.89,98.07,96.12,97.66,8218.957
2025-11-14 17:00:00,97.67,98.02,95.86,96.56,15130.416
2025-11-14 18:00:00,96.56,98.56,96.48,96.79,17783.64472912
2025-11-14 19:00:00,96.78,100.14,96.76,100.0,13625.786
2025-11-14 20:00:00,99.97,100.17,97.1,98.18,15716.554
2025-11-14 21:00:00,98.19,99.74,97.89,98.81,11409.199
2025-11-14 22:00:00,98.79,99.12,97.65,98.41,15205.488
2025-11-14 23:00:00,98.41,98.48,96.16,97.7,12003.915
2025-11-15 00:00:00,97.7,98.79,97.62,98.4,8747.924
2025-11-15 01:00:00,98.39,102.04,97.79,101.85,13061.842
2025-11-15 02:00:00,101.85,105.39,101.38,105.21,13000.066
2025-11-15 03:00:00,105.24,106.53,103.72,104.02,12826.726
2025-11-15 04:00:00,104.06,106.03,103.97,104.41,8436.755
2025-11-15 05:00:00,104.39,104.39,102.93,103.97,6075.369
2025-11-15 06:00:00,103.98,104.98,103.64,103.69,8060.605
2025-11-15 07:00:00,103.68,104.09,102.36,102.75,8775.027
2025-11-15 08:00:00,102.77,102.88,101.69,102.06,9914.33
2025-11-15 09:00:00,102.06,103.47,101.9,102.49,6713.347
2025-11-15 10:00:00,102.46,102.5,101.5,102.3,7830.916
2025-11-15 11:00:00,102.32,103.15,102.27,102.79,5688.243
2025-11-15 12:00:00,102.79,106.76,102.26,106.76,12790.19
2025-11-15 13:00:00,106.75,109.55,106.3,106.5,16551.63
2025-11-15 14:00:00,106.51,107.14,104.54,105.18,12118.762
2025-11-15 15:00:00,105.2,105.58,104.12,104.14,9747.26472948
2025-11-15 16:00:00,104.16,104.37,103.21,104.08,8765.074
2025-11-15 17:00:00,104.08,104.25,102.15,103.37,10561.69096169
2025-11-15 18:00:00,103.37,103.89,103.16,103.89,10506.24699342
2025-11-15 19:00:00,103.84,104.08,103.16,103.36,4599.579
2025-11-15 20:00:00,103.36,103.6,102.13,102.25,4928.653
2025-11-15 21:00:00,102.24,102.97,101.63,101.95,5360.711
2025-11-15 22:00:00,101.95,102.62,101.85,102.32,10971.347
2025-11-15 23:00:00,102.33,102.78,101.67,101.72,7316.445
2025-11-16 00:00:00,101.72,101.82,100.85,101.53,5431.837
2025-11-16 01:00:00,101.47,101.47,100.12,100.6,5771.298
2025-11-16 02:00:00,100.58,101.98,99.9,101.95,5414.075
2025-11-16 03:00:00,101.97,103.37,101.91,102.5,5577.52
2025-11-16 04:00:00,102.53,102.98,101.92,102.03,3554.424
2025-11-16 05:00:00,102.01,102.55,101.82,101.89,3416.555
2025-11-16 06:00:00,101.9,102.4,101.35,101.46,2942.054
2025-11-16 07:00:00,101.49,102.1,101.41,102.04,3529.736
2025-11-16 08:00:00,102.04,102.08,101.41,101.71,3464.322
2025-11-16 09:00:00,101.71,102.76,101.51,102.56,4895.072
2025-11-16 10:00:00,102.52,102.6,102.01,102.16,3562.892
2025-11-16 11:00:00,102.17,102.27,100.15,100.61,9828.753
2025-11-16 12:00:00,100.62,101.85,100.48,101.5,8407.217
2025-11-16 13:00:00,101.45,101.47,100.11,100.59,7423.696
2025-11-16 14:00:00,100.61,101.22,100.46,100.95,5484.54
2025-11-16 15:00:00,100.95,100.98,97.7,97.81,13389.495
2025-11-16 16:00:00,97.82,98.67,97.09,97.32,12125.80399928
2025-11-16 17:00:00,97.33,97.36,95.06,95.61,12092.829
2025-11-16 18:00:00,95.59,97.16,95.55,96.06,10238.812
2025-11-16 19:00:00,96.09,96.98,95.78,95.92,9211.29197254
2025-11-16 20:00:00,95.94,96.62,95.75,95.79,8174.703
2025-11-16 21:00:00,95.79,95.92,94.93,95.72,8914.51872919
2025-11-16 22:00:00,95.74,96.98,95.22,96.34,12090.577
2025-11-16 23:00:00,96.4,96.76,94.16,95.77,6137.516
2025-11-17 00:00:00,95.79,97.43,95.1,97.36,7941.913
2025-11-17 01:00:00,97.38,97.57,96.42,96.43,3741.452
2025-11-17 02:00:00,96.49,97.29,96.17,97.13,3873.741
2025-11-17 03:00:00,97.13,97.92,97.05,97.15,4381.643
2025-11-17 04:00:00,97.2,97.51,96.67,96.73,2698.761
2025-11-17 05:00:00,96.73,97.08,96.19,96.97,2946.904
2025-11-17 06:00:00,96.97,97.38,96.6,97.22,2880.83
2025-11-17 07:00:00,97.24,97.5,97.03,97.04,4756.809
2025-11-17 08:00:00,97.05,97.24,96.35,96.41,5408.717
2025-11-17 09:00:00,96.41,97.17,96.24,96.32,2987.727
2025-11-17 10:00:00,96.3,96.77,96.05,96.58,2136.835
2025-11-17 11:00:00,96.59,97.15,96.4,96.53,3252.6
2025-11-17 12:00:00,96.55,96.7,95.66,95.98,3396.196
2025-11-17 13:00:00,96.01,96.05,93.73,94.25,8306.235
2025-11-17 14:00:00,94.16,97.46,93.78,95.7,11622.186
2025-11-17 15:00:00,95.73,96.12,94.52,94.71,5578.585
2025-11-17 16:00:00,94.71,95.41,93.46,95.32,9931.693
2025-11-17 17:00:00,95.34,96.02,93.43,93.63,5683.452
2025-11-17 18:00:00,93.58,94.25,92.4,92.77,8409.079
2025-11-17 19:00:00,92.76,93.16,91.49,91.97,14510.936
2025-11-17 20:00:00,91.96,92.52,91.22,92.02,6773.325
2025-11-17 21:00:00,92.07,92.69,90.78,91.66,13025.137
2025-11-17 22:00:00,91.72,92.02,91.26,91.35,10123.607
2025-11-17 23:00:00,91.36,91.53,90.61,91.24,4968.763
2025-11-18 00:00:00,91.25,92.13,90.48,92.09,7696.269
2025-11-18 01:00:00,92.05,92.26,91.45,91.96,3218.201
2025-11-18 02:00:00,91.97,92.99,90.99,91.65,9665.619
2025-11-18 03:00:00,91.65,93.24,90.81,93.12,9305.379
2025-11-18 04:00:00,93.13,93.85,91.99,93.8,7928.596
2025-11-18 05:00:00,93.78,94.47,93.08,93.99,4492.992
2025-11-18 06:00:00,93.94,94.6,93.42,93.81,5907.058
2025-11-18 07:00:00,93.81,95.86,93.48,95.44,5882.534
2025-11-18 08:00:00,95.47,96.52,95.4,95.81,7939.074
2025-11-18 09:00:00,95.78,96.22,95.19,96.17,6416.004
2025-11-18 10:00:00,96.17,96.38,94.89,95.08,4517.157
2025-11-18 11:00:00,95.05,95.39,94.38,95.3,4226.692
2025-11-18 12:00:00,95.26,96.07,94.34,95.97,4947.483
2025-11-18 13:00:00,95.95,96.11,94.72,95.9,3580.614
2025-11-18 14:00:00,95.88,96.37,94.88,94.93,5760.333
2025-11-18 15:00:00,94.89,97.54,94.76,96.36,12492.294
2025-11-18 16:00:00,96.38,97.42,95.94,96.53,18406.361
2025-11-18 17:00:00,96.5,96.66,95.33,96.16,9542.308
2025-11-18 18:00:00,96.16,96.55,95.24,95.33,6401.684
2025-11-18 19:00:00,95.33,95.36,94.63,95.1,7658.731
2025-11-18 20:00:00,95.15,95.81,95.15,95.31,5773.234
2025-11-18 21:00:00,95.31,95.6,94.76,94.76,5839.843
2025-11-18 22:00:00,94.76,96.61,94.75,96.16,13151.948
2025-11-18 23:00:00,96.17,96.31,95.51,95.67,3984.694
2025-11-19 00:00:00,95.67,95.96,94.74,95.81,7505.313
2025-11-19 01:00:00,95.8,95.8,94.92,95.34,2471.89
2025-11-19 02:00:00,95.36,95.75,94.96,95.26,2812.602
2025-11-19 03:00:00,95.26,95.35,94.41,94.51,3222.06
2025-11-19 04:00:00,94.47,94.54,93.74,93.89,6108.189
2025-11-19 05:00:00,93.89,94.03,92.34,92.98,6222.875
2025-11-19 06:00:00,93.01,94.05,92.87,93.95,7160.067
2025-11-19 07:00:00,93.93,95.01,93.88,94.44,5294.084
2025-11-19 08:00:00,94.48,94.88,94.08,94.36,5066.238
2025-11-19 09:00:00,94.38,94.38,93.44,93.64,5537.026
2025-11-19 10:00:00,93.64,94.12,93.57,93.76,3972.305
2025-11-19 11:00:00,93.73,94.18,93.52,93.52,2167.846
2025-11-19 12:00:00,93.5,93.79,93.37,93.69,2954.299
2025-11-19 13:00:00,93.72,93.72,92.81,92.84,5839.09
2025-11-19 14:00:00,92.87,93.8,92.36,93.63,8885.371
2025-11-19 15:00:00,93.64,94.57,91.5,91.73,10767.839
2025-11-19 16:00:00,91.71,92.14,90.53,90.79,11427.07272776
2025-11-19 17:00:00,90.78,91.13,89.39,90.06,13415.562
2025-11-19 18:00:00,90.01,90.48,88.87,89.41,13767.08593605
2025-11-19 19:00:00,89.47,90.35,89.02,89.92,9876.04
2025-11-19 20:00:00,89.94,91.04,89.67,90.92,9031.391
2025-11-19 21:00:00,90.94,92.72,90.7,92.5,11448.7
2025-11-19 22:00:00,92.46,92.51,91.68,92.26,15232.776
2025-11-19 23:00:00,92.3,93.23,92.25,92.9,10918.195
2025-11-20 00:00:00,92.91,93.18,92.32,92.64,5403.712
2025-11-20 01:00:00,92.63,93.56,92.49,93.42,6364.585
2025-11-20 02:00:00,93.39,93.81,92.97,93.15,4528.881
2025-11-20 03:00:00,93.21,93.51,93.15,93.21,2664.159
2025-11-20 04:00:00,93.23,93.68,92.7,93.66,5770.832
2025-11-20 05:00:00,93.63,93.72,92.73,92.84,4891.707
2025-11-20 06:00:00,92.84,93.2,92.33,92.76,4569.012
2025-11-20 07:00:00,92.78,93.26,92.6,93.12,2831.25
2025-11-20 08:00:00,93.11,93.11,92.68,92.83,2056.725
2025-11-20 09:00:00,92.81,92.89,92.14,92.57,3659.889
2025-11-20 10:00:00,92.57,92.7,92.11,92.59,3737.665
2025-11-20 11:00:00,92.59,92.7,92.21,92.62,3333.938
2025-11-20 12:00:00,92.62,92.95,92.32,92.79,2811.351
2025-11-20 13:00:00,92.81,93.16,91.89,91.91,8715.719
2025-11-20 14:00:00,91.93,92.75,91.2,92.09,10909.959
2025-11-20 15:00:00,92.1,92.13,90.27,90.37,7674.217
2025-11-20 16:00:00,90.34,90.48,86.64,87.05,20659.5549
2025-11-20 17:00:00,86.95,87.45,86.02,87.15,16130.622
2025-11-20 18:00:00,87.1,87.64,86.64,86.83,14764.55
2025-11-20 19:00:00,86.83,87.25,86.14,87.07,8186.527
2025-11-20 20:00:00,87.07,87.37,86.4,86.77,7468.682
2025-11-20 21:00:00,86.8,88.06,86.77,87.76,13708.836
2025-11-20 22:00:00,87.76,89.04,87.68,88.71,20380.595
2025-11-20 23:00:00,88.74,88.78,87.09,87.25,16946.193
2025-11-21 00:00:00,87.22,88.52,87.15,88.28,8323.351
2025-11-21 01:00:00,88.31,88.65,87.71,88.07,5755.468
2025-11-21 02:00:00,88.04,88.12,86.46,86.66,7816.394
2025-11-21 03:00:00,86.67,87.81,86.67,87.06,3608.022
2025-11-21 04:00:00,87.04,87.49,86.22,87.41,5334.016
2025-11-21 05:00:00,87.4,87.55,86.49,86.9,3529.886
2025-11-21 06:00:00,86.9,87.18,86.43,86.99,4646.71552707
2025-11-21 07:00:00,86.95,87.24,80.34,84.62,26076.321
2025-11-21 08:00:00,84.61,85.84,84.04,84.18,8188.283
2025-11-21 09:00:00,84.2,84.64,82.99,83.15,10132.266
2025-11-21 10:00:00,83.14,83.73,82.62,82.98,8530.936
2025-11-21 11:00:00,82.97,83.58,81.72,81.75,7605.362
2025-11-21 12:00:00,81.78,83.16,80.03,82.63,14098.64372855
2025-11-21 13:00:00,82.63,83.78,82.27,83.47,9660.313
2025-11-21 14:00:00,83.43,84.5,82.59,83.85,11229.52501109
2025-11-21 15:00:00,83.89,84.2,81.62,82.04,10677.306
2025-11-21 16:00:00,82.07,83.76,81.0,83.72,11894.916
2025-11-21 17:00:00,83.75,84.53,83.2,83.36,11547.862
2025-11-21 18:00:00,83.36,84.01,81.76,83.24,9980.894
2025-11-21 19:00:00,83.26,83.7,82.8,82.99,10286.585
2025-11-21 20:00:00,82.99,83.03,81.44,82.04,9680.03
2025-11-21 21:00:00,82.03,83.24,81.43,82.66,7613.153
2025-11-21 22:00:00,82.66,83.18,80.99,81.03,14900.908
2025-11-21 23:00:00,81.0,82.88,80.34,82.66,5811.254
2025-11-22 00:00:00,82.66,83.32,82.57,82.95,7693.829
2025-11-22 01:00:00,82.93,83.91,82.69,83.86,3288.615
2025-11-22 02:00:00,83.88,83.9,82.85,83.41,3243.525
2025-11-22 03:00:00,83.37,83.76,83.1,83.25,2140.607
2025-11-22 04:00:00,83.26,83.33,81.69,82.56,4311.433
2025-11-22 05:00:00,82.58,82.76,81.66,82.27,2626.841
2025-11-22 06:00:00,82.28,83.31,81.85,83.24,4885.152
2025-11-22 07:00:00,83.26,83.54,82.7,83.28,3023.866
2025-11-22 08:00:00,83.21,83.21,81.47,81.69,4374.168
2025-11-22 09:00:00,81.69,82.39,81.28,81.88,5560.869
2025-11-22 10:00:00,81.9,82.18,81.3,82.12,8888.227
2025-11-22 11:00:00,82.11,83.11,81.77,82.89,4680.18
2025-11-22 12:00:00,82.89,82.89,81.67,82.03,5437.689
2025-11-22 13:00:00,82.02,82.21,80.85,81.3,6767.413
2025-11-22 14:00:00,81.31,82.43,81.26,81.96,6107.201
2025-11-22 15:00:00,82.03,82.12,80.95,81.49,10921.75
2025-11-22 16:00:00,81.5,82.35,81.39,82.14,5881.097
2025-11-22 17:00:00,82.16,82.36,81.85,82.04,3909.87
2025-11-22 18:00:00,82.02,82.55,81.83,82.38,2680.228
2025-11-22 19:00:00,82.38,82.61,81.83,82.09,3560.412
2025-11-22 20:00:00,82.12,82.56,81.3,81.53,6344.688
2025-11-22 21:00:00,81.52,81.87,81.37,81.86,6668.615
2025-11-22 22:00:00,81.88,83.06,81.58,82.94,14370.366
2025-11-22 23:00:00,82.92,82.99,82.0,82.12,7649.889
2025-11-23 00:00:00,82.09,82.61,81.88,82.17,6326.512
2025-11-23 01:00:00,82.18,83.43,82.13,83.32,4489.429
2025-11-23 02:00:00,83.35,84.16,82.98,83.87,7245.685
2025-11-23 03:00:00,83.88,84.0,83.25,83.73,8268.294
2025-11-23 04:00:00,83.73,84.45,83.59,84.01,15409.251
2025-11-23 05:00:00,84.01,84.01,83.44,83.81,3751.542
2025-11-23 06:00:00,83.82,84.03,82.91,83.03,10978.599
2025-11-23 07:00:00,83.03,83.11,82.52,83.11,8547.624
2025-11-23 08:00:00,83.11,83.42,83.02,83.33,5620.603
2025-11-23 09:00:00,83.32,83.66,83.16,83.24,9546.17
2025-11-23 10:00:00,83.24,83.32,82.92,83.13,3305.584
2025-11-23 11:00:00,83.12,83.25,82.57,83.08,3319.796
2025-11-23 12:00:00,83.08,83.86,83.01,83.49,4736.159
2025-11-23 13:00:00,83.42,83.88,83.28,83.88,2879.38293862
2025-11-23 14:00:00,83.88,84.15,82.96,83.04,5472.458
2025-11-23 15:00:00,83.06,83.94,82.9,83.76,4001.723
2025-11-23 16:00:00,83.74,84.03,83.41,83.43,5236.918
2025-11-23 17:00:00,83.48,83.54,82.92,83.03,5263.262
2025-11-23 18:00:00,83.04,83.95,83.03,83.52,5574.152
2025-11-23 19:00:00,83.54,84.18,83.46,83.82,4164.54
2025-11-23 20:00:00,83.86,84.05,83.61,83.77,4521.002
2025-11-23 21:00:00,83.77,84.4,83.41,84.34,6871.378
2025-11-23 22:00:00,84.37,84.43,83.93,84.1,14955.841
2025-11-23 23:00:00,84.15,84.26,82.87,83.09,10206.751
2025-11-24 00:00:00,83.09,83.51,82.2,83.11,8322.759
2025-11-24 01:00:00,83.09,83.34,82.57,83.32,4232.966
2025-11-24 02:00:00,83.34,84.98,83.27,84.31,9188.265
2025-11-24 03:00:00,84.32,84.83,84.03,84.2,5636.74
2025-11-24 04:00:00,84.19,84.42,83.03,83.41,3034.405
2025-11-24 05:00:00,83.37,84.88,83.31,84.26,5503.6
2025-11-24 06:00:00,84.27,84.31,83.48,83.92,4820.046
2025-11-24 07:00:00,83.91,84.31,83.6,83.86,1423.565
2025-11-24 08:00:00,83.88,84.47,83.65,84.37,3004.076
2025-11-24 09:00:00,84.35,84.4,82.63,83.13,5958.98480879
2025-11-24 10:00:00,83.13,83.62,82.91,83.26,6236.433
2025-11-24 11:00:00,83.24,83.36,82.89,83.22,4276.477
2025-11-24 12:00:00,83.19,83.19,82.47,82.65,4153.997
2025-11-24 13:00:00,82.64,83.48,82.54,82.93,4708.082
2025-11-24 14:00:00,82.92,83.67,82.29,83.45,8355.514
2025-11-24 15:00:00,83.46,84.52,83.25,84.19,7252.239
2025-11-24 16:00:00,84.23,85.37,84.13,84.92,11895.209
2025-11-24 17:00:00,84.93,86.91,84.93,86.79,13357.632
2025-11-24 18:00:00,86.81,86.97,86.08,86.29,8875.191
2025-11-24 19:00:00,86.31,86.62,85.91,86.03,5045.431
2025-11-24 20:00:00,86.08,87.27,85.85,86.98,7636.144
2025-11-24 21:00:00,86.96,86.96,85.8,86.03,4122.839
2025-11-24 22:00:00,86.02,86.59,85.89,86.13,11188.615
2025-11-24 23:00:00,86.12,86.26,85.45,85.48,4905.717
2025-11-25 00:00:00,85.47,86.21,85.43,86.09,4087.537
2025-11-25 01:00:00,86.09,86.5,85.85,85.88,2384.683
2025-11-25 02:00:00,85.88,85.99,85.2,85.86,5832.273
2025-11-25 03:00:00,85.84,86.05,85.27,85.4,2524.26
2025-11-25 04:00:00,85.39,85.79,84.88,85.32,4370.862
2025-11-25 05:00:00,85.32,85.32,84.63,84.86,2287.415
2025-11-25 06:00:00,84.84,85.03,84.37,84.5,2893.814
2025-11-25 07:00:00,84.5,84.68,84.01,84.1,4483.847
2025-11-25 08:00:00,84.1,84.47,83.62,83.68,4517.06
2025-11-25 09:00:00,83.69,84.58,83.52,84.49,4368.287
2025-11-25 10:00:00,84.5,84.5,83.79,83.99,2689.90487728
2025-11-25 11:00:00,83.97,84.05,83.63,83.76,6450.54
2025-11-25 12:00:00,83.78,84.41,83.7,84.16,9361.781
2025-11-25 13:00:00,84.14,84.32,83.45,83.71,6782.107
2025-11-25 14:00:00,83.74,84.52,83.09,84.05,13903.622
2025-11-25 15:00:00,84.06,84.54,83.43,84.21,7356.38694632
2025-11-25 16:00:00,84.22,85.72,84.22,85.15,8831.074
2025-11-25 17:00:00,85.15,86.56,84.87,86.28,12989.559
2025-11-25 18:00:00,86.19,86.75,85.63,85.65,9828.174
2025-11-25 19:00:00,85.65,85.85,84.55,85.41,8779.482
2025-11-25 20:00:00,85.46,86.12,85.18,85.84,5277.91730827
2025-11-25 21:00:00,85.84,86.0,84.89,84.89,4391.827
2025-11-25 22:00:00,84.88,85.7,84.14,85.52,15867.483
2025-11-25 23:00:00,85.5,86.07,85.23,85.29,4481.429
2025-11-26 00:00:00,85.32,85.63,85.1,85.39,3837.499
2025-11-26 01:00:00,85.38,86.19,85.17,85.77,2597.41
2025-11-26 02:00:00,85.76,85.84,85.1,85.14,3043.339
2025-11-26 03:00:00,85.15,85.21,84.51,84.54,3129.07
2025-11-26 04:00:00,84.54,84.91,84.43,84.71,2329.96
2025-11-26 05:00:00,84.69,85.34,84.69,85.21,2068.406
2025-11-26 06:00:00,85.23,85.47,84.7,85.2,3896.736
2025-11-26 07:00:00,85.18,85.43,84.93,85.4,2965.938
2025-11-26 08:00:00,85.39,85.46,84.82,84.83,2983.82
2025-11-26 09:00:00,84.81,85.04,84.6,84.86,4393.378
2025-11-26 10:00:00,84.87,85.23,84.33,84.69,3385.746
2025-11-26 11:00:00,84.69,84.69,83.89,84.16,3333.768
2025-11-26 12:00:00,84.17,84.27,83.6,83.84,4644.576
2025-11-26 13:00:00,83.83,84.62,83.74,84.52,5215.241
2025-11-26 14:00:00,84.52,84.78,83.74,83.88,6737.665
2025-11-26 15:00:00,83.83,84.29,83.31,83.83,5201.625
2025-11-26 16:00:00,83.82,84.69,83.81,84.24,4863.46595662
2025-11-26 17:00:00,84.26,86.28,84.26,86.17,9483.956
2025-11-26 18:00:00,86.21,87.07,86.19,87.02,7498.889
2025-11-26 19:00:00,87.02,87.02,86.41,86.61,3834.42294559
2025-11-26 20:00:00,86.61,86.67,86.12,86.63,3853.341
2025-11-26 21:00:00,86.66,87.46,86.32,87.04,4444.504
2025-11-26 22:00:00,87.05,87.28,86.76,87.15,6927.162
2025-11-26 23:00:00,87.16,87.74,86.76,86.85,8971.907
2025-11-27 00:00:00,86.85,86.92,86.36,86.67,8763.163
2025-11-27 01:00:00,86.67,87.01,86.44,86.88,5618.871
2025-11-27 02:00:00,86.86,87.17,86.53,86.54,10965.292
2025-11-27 03:00:00,86.53,86.77,86.01,86.21,8715.673
2025-11-27 04:00:00,86.21,86.61,86.18,86.39,6717.131
2025-11-27 05:00:00,86.39,86.66,86.21,86.44,6412.992
2025-11-27 06:00:00,86.43,86.76,86.21,86.58,7582.279
2025-11-27 07:00:00,86.58,86.63,86.33,86.48,11855.541
2025-11-27 08:00:00,86.49,86.6,86.05,86.6,7001.614
2025-11-27 09:00:00,86.6,87.31,86.44,87.05,7470.431
2025-11-27 10:00:00,87.04,87.27,86.39,86.7,6689.882
2025-11-27 11:00:00,86.69,86.76,86.3,86.44,10385.437
2025-11-27 12:00:00,86.44,86.6,86.04,86.43,15019.743
2025-11-27 13:00:00,86.39,86.71,86.11,86.61,11782.374
2025-11-27 14:00:00,86.63,86.92,86.45,86.79,11063.021
2025-11-27 15:00:00,86.79,87.29,86.59,87.25,9392.733
2025-11-27 16:00:00,87.24,87.67,87.01,87.2,10511.81372861
2025-11-27 17:00:00,87.2,87.31,86.84,87.18,7539.184
2025-11-27 18:00:00,87.18,87.49,87.0,87.39,8040.611
2025-11-27 19:00:00,87.39,87.39,87.05,87.31,5903.828
2025-11-27 20:00:00,87.32,87.77,87.3,87.54,7134.761
2025-11-27 21:00:00,87.55,87.73,87.28,87.34,7519.507
2025-11-27 22:00:00,87.33,87.41,86.44,86.62,9443.901
2025-11-27 23:00:00,86.62,86.86,86.5,86.59,3609.861
2025-11-28 00:00:00,86.58,86.75,86.06,86.15,5784.717
2025-11-28 01:00:00,86.15,86.19,85.08,85.09,8232.769
2025-11-28 02:00:00,85.1,85.38,84.71,85.36,8641.827
2025-11-28 03:00:00,85.37,85.57,85.16,85.28,3437.454
2025-11-28 04:00:00,85.28,85.45,85.01,85.01,7243.963
2025-11-28 05:00:00,85.01,85.29,84.85,85.21,7776.223
2025-11-28 06:00:00,85.21,85.21,84.44,84.75,7659.085
2025-11-28 07:00:00,84.71,85.03,84.59,84.64,7433.582
2025-11-28 08:00:00,84.63,86.31,84.63,86.07,8412.32
2025-11-28 09:00:00,86.1,86.1,85.62,85.71,16599.067
2025-11-28 10:00:00,85.71,85.91,85.48,85.82,11499.273
2025-11-28 11:00:00,85.82,85.82,84.6,85.07,10105.043
2025-11-28 12:00:00,85.07,85.39,84.92,85.04,12680.511
2025-11-28 13:00:00,85.04,86.09,84.7,85.68,8282.074
2025-11-28 14:00:00,85.68,86.23,85.43,86.03,12662.301
2025-11-28 15:00:00,86.03,86.77,85.75,85.98,11737.007
2025-11-28 16:00:00,85.99,86.02,84.46,84.68,14481.496
2025-11-28 17:00:00,84.67,84.83,83.53,83.67,18553.044
2025-11-28 18:00:00,83.71,84.05,83.16,84.04,9902.947
2025-11-28 19:00:00,84.05,84.89,84.04,84.79,10153.565
2025-11-28 20:00:00,84.79,84.79,84.31,84.66,4388.714
2025-11-28 21:00:00,84.66,84.82,84.41,84.42,3924.521
2025-11-28 22:00:00,84.42,84.82,84.27,84.77,12378.618
2025-11-28 23:00:00,84.77,84.9,84.21,84.21,6225.925
2025-11-29 00:00:00,84.22,84.5,84.08,84.47,7698.968
2025-11-29 01:00:00,84.47,84.97,84.46,84.61,7036.586
2025-11-29 02:00:00,84.6,84.67,84.24,84.38,2122.592
2025-11-29 03:00:00,84.39,84.7,84.33,84.42,2459.392
2025-11-29 04:00:00,84.42,85.64,84.31,85.64,2904.467
2025-11-29 05:00:00,85.61,85.71,84.7,84.85,2534.027
2025-11-29 06:00:00,84.84,85.01,84.0,84.48,4747.666
2025-11-29 07:00:00,84.48,84.64,84.03,84.23,4571.081
2025-11-29 08:00:00,84.23,84.37,84.07,84.19,4212.331
2025-11-29 09:00:00,84.2,84.45,84.14,84.45,1784.031
2025-11-29 10:00:00,84.44,84.68,84.03,84.55,3866.72
2025-11-29 11:00:00,84.55,84.7,84.33,84.63,3031.428
2025-11-29 12:00:00,84.64,84.73,84.14,84.14,3533.563
2025-11-29 13:00:00,84.13,84.28,83.97,84.19,2362.703
2025-11-29 14:00:00,84.19,84.23,83.98,84.05,4201.344
2025-11-29 15:00:00,84.06,84.66,84.02,84.42,2277.594
2025-11-29 16:00:00,84.42,84.53,84.1,84.2,2539.177
2025-11-29 17:00:00,84.22,84.28,83.47,83.54,5369.845
2025-11-29 18:00:00,83.53,83.72,83.16,83.58,5990.488
2025-11-29 19:00:00,83.62,83.95,83.54,83.73,2654.65
2025-11-29 20:00:00,83.73,84.23,83.55,84.2,2327.571
2025-11-29 21:00:00,84.22,84.23,83.85,84.04,4425.221
2025-11-29 22:00:00,84.05,84.27,83.8,83.87,5315.535
2025-11-29 23:00:00,83.88,84.2,83.72,83.94,4048.618
2025-11-30 00:00:00,83.94,84.19,83.88,84.07,3170.337
2025-11-30 01:00:00,84.07,84.37,84.0,84.29,3507.996
2025-11-30 02:00:00,84.3,84.5,83.96,83.96,5548.084
2025-11-30 03:00:00,84.0,84.16,83.42,84.16,2192.81
2025-11-30 04:00:00,84.16,84.23,83.88,84.0,1479.329
2025-11-30 05:00:00,83.99,83.99,83.55,83.78,2787.006
2025-11-30 06:00:00,83.77,84.15,83.67,83.92,1748.114
2025-11-30 07:00:00,83.92,84.18,83.84,84.15,2179.518
2025-11-30 08:00:00,84.14,84.7,84.06,84.23,3555.775
2025-11-30 09:00:00,84.23,84.4,84.0,84.32,5175.727
2025-11-30 10:00:00,84.32,84.35,83.99,84.03,3450.047
2025-11-30 11:00:00,84.03,84.17,83.77,83.94,2386.991
2025-11-30 12:00:00,83.94,84.5,83.83,84.36,7450.474
2025-11-30 13:00:00,84.37,84.81,84.25,84.79,5220.376
2025-11-30 14:00:00,84.79,84.81,84.04,84.2,7030.596
2025-11-30 15:00:00,84.19,84.2,83.74,83.91,4440.48
2025-11-30 16:00:00,83.92,84.5,83.92,84.36,2429.595
2025-11-30 17:00:00,84.34,84.41,84.07,84.32,2964.403
2025-11-30 18:00:00,84.31,84.34,83.88,84.0,3175.627
2025-11-30 19:00:00,84.0,84.1,83.84,83.97,2263.029
2025-11-30 20:00:00,83.97,84.3,83.63,83.91,3737.745
2025-11-30 21:00:00,83.88,83.95,83.59,83.81,3896.669
2025-11-30 22:00:00,83.82,84.22,83.69,84.03,10101.324
2025-11-30 23:00:00,84.06,84.08,82.28,82.37,7539.772
2025-12-01 00:00:00,82.37,82.49,77.9,77.99,19164.345
2025-12-01 01:00:00,78.02,79.26,77.91,78.49,8836.257
2025-12-01 02:00:00,78.48,79.0,78.4,78.5,8393.389
2025-12-01 03:00:00,78.49,78.65,77.71,78.06,8161.577
2025-12-01 04:00:00,78.04,78.14,76.96,77.16,9905.179
2025-12-01 05:00:00,77.16,77.71,77.15,77.3,6796.887
2025-12-01 06:00:00,77.3,77.6,77.12,77.45,5414.152
2025-12-01 07:00:00,77.46,77.62,77.0,77.53,3976.162
2025-12-01 08:00:00,77.52,77.95,77.46,77.93,3951.506
2025-12-01 09:00:00,77.9,78.17,77.58,77.67,4739.81
2025-12-01 10:00:00,77.69,77.94,77.69,77.86,2530.22
2025-12-01 11:00:00,77.86,77.94,77.35,77.44,4332.005
2025-12-01 12:00:00,77.45,77.52,75.77,76.93,6819.387
2025-12-01 13:00:00,76.92,77.36,76.13,76.58,23662.514
2025-12-01 14:00:00,76.58,77.35,76.5,76.72,5475.959
2025-12-01 15:00:00,76.73,76.81,74.69,75.66,11505.109
2025-12-01 16:00:00,75.66,75.88,75.04,75.21,7759.068
2025-12-01 17:00:00,75.22,75.98,75.19,75.63,4088.123
2025-12-01 18:00:00,75.64,76.24,75.55,76.11,4353.657
2025-12-01 19:00:00,76.13,76.17,75.66,76.06,4656.796
2025-12-01 20:00:00,76.06,76.96,76.06,76.83,6909.678
2025-12-01 21:00:00,76.85,77.4,76.75,77.36,7271.045
2025-12-01 22:00:00,77.36,77.9,77.24,77.53,8055.583
2025-12-01 23:00:00,77.57,77.99,77.53,77.57,3168.1
2025-12-02 00:00:00,77.57,77.88,77.55,77.76,4135.011
2025-12-02 01:00:00,77.77,78.53,77.54,77.6,4340.196
2025-12-02 02:00:00,77.63,78.02,77.36,77.65,2265.423
2025-12-02 03:00:00,77.63,77.99,77.31,77.87,2970.246
2025-12-02 04:00:00,77.86,78.06,77.53,77.56,2656.258
2025-12-02 05:00:00,77.56,77.65,77.38,77.51,1661.827
2025-12-02 06:00:00,77.51,78.03,77.42,77.98,1643.094
2025-12-02 07:00:00,77.99,78.09,77.71,78.05,1566.447
2025-12-02 08:00:00,78.07,78.12,77.33,77.35,2176.746
2025-12-02 09:00:00,77.38,77.94,77.35,77.91,2505.802
2025-12-02 10:00:00,77.89,78.75,77.88,78.48,3285.981
2025-12-02 11:00:00,78.49,78.78,78.25,78.63,3255.127
2025-12-02 12:00:00,78.66,78.67,78.34,78.53,2614.024
2025-12-02 13:00:00,78.54,79.49,78.36,79.37,3751.153
2025-12-02 14:00:00,79.4,80.41,79.16,80.38,5751.589
2025-12-02 15:00:00,80.39,83.05,80.39,82.49,11031.253
2025-12-02 16:00:00,82.5,82.83,81.75,82.09,6547.241
2025-12-02 17:00:00,82.12,82.67,81.86,82.18,4081.428
2025-12-02 18:00:00,82.18,82.93,82.13,82.72,6327.002
2025-12-02 19:00:00,82.73,83.2,82.67,82.78,4114.66889756
2025-12-02 20:00:00,82.78,82.83,82.23,82.81,3478.204
2025-12-02 21:00:00,82.78,83.22,82.7,83.11,3626.53
2025-12-02 22:00:00,83.11,83.3,82.91,83.29,6770.1969996
2025-12-02 23:00:00,83.29,83.33,82.68,82.81,3554.082
2025-12-03 00:00:00,82.82,83.37,82.52,83.34,3986.097
2025-12-03 01:00:00,83.33,83.45,82.98,83.26,2928.805
2025-12-03 02:00:00,83.23,83.97,83.2,83.71,4857.069
2025-12-03 03:00:00,83.72,84.23,83.63,83.99,3490.34
2025-12-03 04:00:00,84.0,85.1,83.74,85.01,5258.05
2025-12-03 05:00:00,85.06,85.96,85.05,85.11,5032.394
2025-12-03 06:00:00,85.12,85.57,84.73,85.01,3197.954
2025-12-03 07:00:00,85.03,85.16,84.82,85.16,4598.63772831
2025-12-03 08:00:00,85.18,85.38,84.99,85.28,2564.605
2025-12-03 09:00:00,85.29,85.44,85.1,85.25,2538.60999962
2025-12-03 10:00:00,85.25,85.86,84.95,85.14,2791.91699922
2025-12-03 11:00:00,85.14,85.48,84.91,85.46,3085.018
2025-12-03 12:00:00,85.49,85.8,85.29,85.68,6369.18972828
2025-12-03 13:00:00,85.68,85.71,85.1,85.15,3099.409
2025-12-03 14:00:00,85.15,85.95,83.67,84.69,10638.699
2025-12-03 15:00:00,84.72,85.37,84.46,85.15,5791.322
2025-12-03 16:00:00,85.16,85.38,84.69,85.26,3507.62
2025-12-03 17:00:00,85.26,85.65,84.99,85.47,5501.434
2025-12-03 18:00:00,85.5,85.87,85.28,85.47,3354.823
2025-12-03 19:00:00,85.46,86.16,85.43,85.76,2396.602
2025-12-03 20:00:00,85.77,86.37,85.56,85.88,3785.647
2025-12-03 21:00:00,85.89,86.6,85.82,86.59,5465.384
2025-12-03 22:00:00,86.57,86.72,85.79,86.17,14148.877
2025-12-03 23:00:00,86.14,86.61,85.81,85.86,7776.144
2025-12-04 00:00:00,85.85,86.33,85.5,86.23,3615.154
2025-12-04 01:00:00,86.23,86.77,86.02,86.06,4060.291
2025-12-04 02:00:00,86.08,86.53,86.05,86.42,1999.835
2025-12-04 03:00:00,86.41,86.44,86.06,86.17,1204.248
2025-12-04 04:00:00,86.17,86.2,85.74,85.86,1140.61
2025-12-04 05:00:00,85.88,86.0,85.61,86.0,1897.449
2025-12-04 06:00:00,86.0,86.18,85.66,85.71,2696.229
2025-12-04 07:00:00,85.72,85.72,85.28,85.6,4198.511
2025-12-04 08:00:00,85.6,85.75,85.04,85.14,6418.683
2025-12-04 09:00:00,85.16,85.33,84.64,84.92,5217.495
2025-12-04 10:00:00,84.92,85.15,84.55,84.59,2086.371
2025-12-04 11:00:00,84.6,84.68,83.99,84.05,2684.3
2025-12-04 12:00:00,84.05,84.36,84.01,84.26,2586.012
2025-12-04 13:00:00,84.27,84.38,83.96,84.06,3736.421
2025-12-04 14:00:00,84.05,84.32,83.3,83.45,5292.89399961
2025-12-04 15:00:00,83.44,84.82,83.43,84.49,5830.125
2025-12-04 16:00:00,84.47,84.69,83.73,83.76,5624.777
2025-12-04 17:00:00,83.76,83.93,83.36,83.72,4222.839
2025-12-04 18:00:00,83.73,83.84,83.33,83.63,4593.863
2025-12-04 19:00:00,83.64,83.65,82.16,83.32,10261.26499046
2025-12-04 20:00:00,83.32,84.04,83.18,84.0,5314.985
2025-12-04 21:00:00,83.99,84.19,83.57,83.58,3490.154
2025-12-04 22:00:00,83.58,84.01,83.57,83.83,6987.378
2025-12-04 23:00:00,83.83,83.99,83.51,83.55,4443.463
2025-12-05 00:00:00,83.54,83.88,83.38,83.7,3942.048
2025-12-05 01:00:00,83.69,84.02,83.66,83.67,2415.792
2025-12-05 02:00:00,83.66,84.13,83.47,83.82,1889.839
2025-12-05 03:00:00,83.81,83.9,83.29,83.42,1586.121
2025-12-05 04:00:00,83.39,83.68,83.07,83.32,1925.998
2025-12-05 05:00:00,83.34,83.5,83.12,83.31,2163.8
2025-12-05 06:00:00,83.33,83.8,83.33,83.65,1918.774
2025-12-05 07:00:00,83.64,83.91,83.39,83.6,5509.135
2025-12-05 08:00:00,83.6,83.66,83.12,83.3,3504.413
2025-12-05 09:00:00,83.29,83.3,81.96,82.15,9364.29
2025-12-05 10:00:00,82.13,82.61,81.95,82.25,3077.547
2025-12-05 11:00:00,82.26,82.36,81.7,82.21,3148.427
2025-12-05 12:00:00,82.21,82.54,82.05,82.37,4964.287
2025-12-05 13:00:00,82.35,82.48,81.66,82.1,7455.963
2025-12-05 14:00:00,82.12,82.38,81.57,81.78,4535.894
2025-12-05 15:00:00,81.81,83.0,81.81,82.01,7106.229
2025-12-05 16:00:00,82.03,82.03,79.95,80.51,10314.00599834
2025-12-05 17:00:00,80.5,80.84,79.79,80.51,5949.605
2025-12-05 18:00:00,80.5,81.12,79.91,80.02,6084.874
2025-12-05 19:00:00,79.98,80.81,79.63,80.42,8056.02299879
2025-12-05 20:00:00,80.41,80.44,79.97,80.03,3249.203
2025-12-05 21:00:00,80.04,80.25,79.78,80.02,3594.36399959
2025-12-05 22:00:00,80.03,80.42,79.85,80.27,7325.812
2025-12-05 23:00:00,80.29,80.48,79.9,80.4,5827.711
2025-12-06 00:00:00,80.41,80.47,79.95,80.43,3127.475
2025-12-06 01:00:00,80.43,80.66,80.18,80.32,3860.386
2025-12-06 02:00:00,80.32,80.54,80.12,80.54,6665.708
2025-12-06 03:00:00,80.54,80.89,80.5,80.67,7215.379
2025-12-06 04:00:00,80.68,80.7,80.31,80.42,4072.694
2025-12-06 05:00:00,80.44,80.45,80.14,80.29,4660.427
2025-12-06 06:00:00,80.3,80.63,80.17,80.46,1707.488
2025-12-06 07:00:00,80.47,80.54,80.06,80.18,2244.473
2025-12-06 08:00:00,80.19,80.27,79.93,80.03,1825.723
2025-12-06 09:00:00,80.04,80.68,80.04,80.49,5708.569
2025-12-06 10:00:00,80.5,80.79,80.36,80.63,1981.025
2025-12-06 11:00:00,80.61,81.31,80.58,81.11,1767.858
2025-12-06 12:00:00,81.1,81.26,80.98,81.26,2297.45399329
2025-12-06 13:00:00,81.27,81.7,81.15,81.55,1908.595
2025-12-06 14:00:00,81.55,82.02,81.48,81.63,3443.844
2025-12-06 15:00:00,81.64,81.68,80.9,80.91,3673.534
2025-12-06 16:00:00,80.91,81.24,80.84,81.1,2563.61872468
2025-12-06 17:00:00,81.1,81.66,81.05,81.66,3529.446
2025-12-06 18:00:00,81.68,82.48,81.51,82.01,6289.626
2025-12-06 19:00:00,82.01,82.17,81.34,81.65,5547.80599885
2025-12-06 20:00:00,81.68,81.89,81.55,81.77,2262.996
2025-12-06 21:00:00,81.75,82.07,81.7,81.86,3696.778
2025-12-06 22:00:00,81.87,81.9,81.54,81.72,6448.984
2025-12-06 23:00:00,81.74,81.83,81.29,81.69,5235.703
2025-12-07 00:00:00,81.7,82.29,81.67,82.25,3734.157
2025-12-07 01:00:00,82.24,82.28,81.95,82.06,1675.284
2025-12-07 02:00:00,82.05,82.33,82.01,82.21,4926.241
2025-12-07 03:00:00,82.21,82.23,82.05,82.18,1697.95
2025-12-07 04:00:00,82.18,82.34,82.0,82.1,1588.908
2025-12-07 05:00:00,82.11,82.23,81.89,82.1,3045.875
2025-12-07 06:00:00,82.09,82.72,82.05,82.68,1606.354
2025-12-07 07:00:00,82.69,82.73,82.11,82.34,7140.9523519
2025-12-07 08:00:00,82.39,82.42,81.79,82.08,3275.849
2025-12-07 09:00:00,82.09,82.27,81.46,81.59,2515.257
2025-12-07 10:00:00,81.58,81.9,81.35,81.78,6862.271
2025-12-07 11:00:00,81.79,82.15,81.71,81.71,5244.477
2025-12-07 12:00:00,81.72,82.38,81.7,82.33,2911.149
2025-12-07 13:00:00,82.34,82.38,81.54,81.73,3012.61483809
2025-12-07 14:00:00,81.72,81.78,79.89,79.99,10781.603
2025-12-07 15:00:00,79.99,81.69,79.95,81.64,11326.174
2025-12-07 16:00:00,81.65,81.65,81.05,81.57,7916.411
2025-12-07 17:00:00,81.58,83.17,81.27,83.02,6916.71
2025-12-07 18:00:00,83.05,83.74,83.05,83.15,5392.786
2025-12-07 19:00:00,83.15,83.33,82.97,83.24,4604.257
2025-12-07 20:00:00,83.24,83.34,83.04,83.19,2978.616
2025-12-07 21:00:00,83.17,83.21,81.31,81.66,15622.229
2025-12-07 22:00:00,81.64,81.65,80.14,81.04,17052.513
2025-12-07 23:00:00,81.01,81.52,80.61,81.43,4822.144
2025-12-08 00:00:00,81.43,81.79,81.01,81.25,3000.441
2025-12-08 01:00:00,81.25,82.95,81.23,82.11,4335.94
2025-12-08 02:00:00,82.1,82.64,81.87,82.56,2246.219
2025-12-08 03:00:00,82.56,82.74,82.38,82.45,2595.201
2025-12-08 04:00:00,82.45,83.11,82.45,82.79,2693.583
2025-12-08 05:00:00,82.79,83.44,82.6,83.3,2286.462
2025-12-08 06:00:00,83.32,83.74,83.32,83.52,2448.576
2025-12-08 07:00:00,83.52,83.86,82.93,83.21,3975.998
2025-12-08 08:00:00,83.21,83.59,83.16,83.49,2958.413
2025-12-08 09:00:00,83.48,84.17,83.46,83.78,8270.918
2025-12-08 10:00:00,83.78,83.97,83.64,83.83,5160.533
2025-12-08 11:00:00,83.84,84.03,83.44,83.58,7524.428
2025-12-08 12:00:00,83.58,83.62,83.24,83.6,4384.096
2025-12-08 13:00:00,83.6,83.98,83.44,83.49,4882.436
2025-12-08 14:00:00,83.48,83.96,83.07,83.39,4352.027
2025-12-08 15:00:00,83.4,83.66,82.73,83.35,7655.06
2025-12-08 16:00:00,83.36,84.09,83.01,83.6,14273.38267251
2025-12-08 17:00:00,83.6,84.08,83.41,83.9,8715.318
2025-12-08 18:00:00,83.89,84.23,82.99,83.19,11090.427
2025-12-08 19:00:00,83.18,83.61,83.16,83.23,3607.766
2025-12-08 20:00:00,83.26,84.01,83.26,83.94,3936.281
2025-12-08 21:00:00,83.94,84.46,83.87,84.33,7732.86
2025-12-08 22:00:00,84.34,84.34,83.8,84.15,7218.4
2025-12-08 23:00:00,84.16,84.23,83.65,83.88,3752.485
2025-12-09 00:00:00,83.88,84.36,83.82,84.0,2699.387
2025-12-09 01:00:00,84.0,84.12,83.27,83.48,1871.027
2025-12-09 02:00:00,83.5,83.82,83.2,83.21,1699.896
2025-12-09 03:00:00,83.22,83.62,82.75,83.56,2279.937
2025-12-09 04:00:00,83.56,83.61,83.0,83.05,5111.639
2025-12-09 05:00:00,83.05,83.32,82.56,82.89,1898.881
2025-12-09 06:00:00,82.89,83.09,82.45,82.87,2081.267
2025-12-09 07:00:00,82.9,83.57,82.86,83.44,2312.791
2025-12-09 08:00:00,83.43,83.83,83.36,83.52,1907.393
2025-12-09 09:00:00,83.5,83.56,83.21,83.37,4101.689
2025-12-09 10:00:00,83.38,83.5,82.81,83.37,7274.003
2025-12-09 11:00:00,83.37,83.49,83.0,83.33,3122.044
2025-12-09 12:00:00,83.32,84.16,83.22,84.13,6006.236
2025-12-09 13:00:00,84.14,84.76,83.98,84.5,11454.787
2025-12-09 14:00:00,84.51,84.82,83.47,83.68,5453.3
2025-12-09 15:00:00,83.69,85.94,83.67,85.84,13760.677
2025-12-09 16:00:00,85.86,87.43,85.86,87.06,9696.3839996
2025-12-09 17:00:00,87.08,87.53,86.51,86.65,8135.0
2025-12-09 18:00:00,86.67,86.91,85.98,86.51,6499.17099878
2025-12-09 19:00:00,86.52,86.81,86.18,86.41,7896.58981443
2025-12-09 20:00:00,86.41,86.43,85.39,85.95,10677.788
2025-12-09 21:00:00,85.97,85.99,84.87,85.41,9929.588
2025-12-09 22:00:00,85.42,86.33,85.42,86.22,18984.38
2025-12-09 23:00:00,86.21,86.46,85.82,85.82,8511.689
2025-12-10 00:00:00,85.85,86.0,85.26,85.29,1520.563
2025-12-10 01:00:00,85.27,85.44,84.93,85.13,2145.594
2025-12-10 02:00:00,85.11,85.27,84.8,85.0,1887.663
2025-12-10 03:00:00,85.0,85.05,84.47,84.67,1515.511
2025-12-10 04:00:00,84.65,84.74,84.26,84.57,3160.54
2025-12-10 05:00:00,84.57,84.85,84.45,84.52,2218.628
2025-12-10 06:00:00,84.53,84.58,84.3,84.35,1339.057
2025-12-10 07:00:00,84.33,84.33,83.97,84.25,1737.927
2025-12-10 08:00:00,84.26,84.36,84.15,84.21,2380.412
2025-12-10 09:00:00,84.21,84.68,84.12,84.66,2247.665
2025-12-10 10:00:00,84.63,85.07,83.83,83.83,2923.523
2025-12-10 11:00:00,83.83,84.2,83.76,84.17,2452.423
2025-12-10 12:00:00,84.17,84.27,83.95,84.24,2304.601
2025-12-10 13:00:00,84.24,84.6,84.18,84.41,3357.82
2025-12-10 14:00:00,84.4,84.49,84.0,84.25,3283.65
2025-12-10 15:00:00,84.25,84.47,83.93,84.22,4649.372
2025-12-10 16:00:00,84.22,85.02,84.08,84.63,6403.617
2025-12-10 17:00:00,84.63,85.12,84.57,84.83,7071.30499965
2025-12-10 18:00:00,84.83,85.66,84.54,84.98,6278.148
2025-12-10 19:00:00,84.99,85.95,84.32,85.68,14639.965
2025-12-10 20:00:00,85.69,87.07,85.24,85.35,10248.349
2025-12-10 21:00:00,85.35,85.77,84.83,84.92,7580.817
2025-12-10 22:00:00,84.91,85.42,84.2,85.28,14273.315
2025-12-10 23:00:00,85.28,85.41,84.25,84.31,6179.082658
2025-12-11 00:00:00,84.3,84.59,82.52,82.79,13612.733
2025-12-11 01:00:00,82.77,82.8,81.52,81.53,4541.84
2025-12-11 02:00:00,81.55,81.67,80.8,80.93,6775.551
2025-12-11 03:00:00,80.89,80.97,80.32,80.66,5834.059
2025-12-11 04:00:00,80.65,81.7,80.32,81.64,2417.454
2025-12-11 05:00:00,81.6,81.66,81.38,81.59,3099.435
2025-12-11 06:00:00,81.57,81.59,81.02,81.28,2935.22
2025-12-11 07:00:00,81.27,81.29,80.84,80.91,3236.387
2025-12-11 08:00:00,80.91,81.06,80.47,80.96,3489.674
2025-12-11 09:00:00,80.95,81.24,80.86,81.01,2930.20471538
2025-12-11 10:00:00,81.02,81.11,80.63,80.9,1849.424
2025-12-11 11:00:00,80.9,81.1,80.84,81.03,2459.836
2025-12-11 12:00:00,81.0,81.02,80.66,80.7,2975.017
2025-12-11 13:00:00,80.71,81.01,80.52,80.99,2893.2139993
2025-12-11 14:00:00,80.99,81.49,80.6,80.86,7068.815
2025-12-11 15:00:00,80.85,81.48,80.61,81.03,6367.078
2025-12-11 16:00:00,81.02,81.54,80.56,81.2,4491.965
2025-12-11 17:00:00,81.2,81.77,81.16,81.4,4004.41872578
2025-12-11 18:00:00,81.4,82.23,81.23,81.78,6978.175
2025-12-11 19:00:00,81.79,82.38,81.59,81.69,7360.724
2025-12-11 20:00:00,81.69,82.48,81.65,82.42,5326.70499895
2025-12-11 21:00:00,82.46,83.51,82.32,83.26,9385.902
2025-12-11 22:00:00,83.26,83.46,82.63,82.88,11497.416
2025-12-11 23:00:00,82.88,83.19,82.61,82.93,7871.924
2025-12-12 00:00:00,82.95,83.34,82.24,82.28,1997.923
2025-12-12 01:00:00,82.29,83.14,82.29,82.86,3620.422
2025-12-12 02:00:00,82.86,83.35,82.84,83.26,3525.245
2025-12-12 03:00:00,83.27,83.41,82.79,82.94,1401.966
2025-12-12 04:00:00,82.93,82.93,82.6,82.73,1689.39
2025-12-12 05:00:00,82.74,83.18,82.57,83.16,1342.707
2025-12-12 06:00:00,83.18,83.65,83.18,83.41,4109.799
2025-12-12 07:00:00,83.42,83.53,83.25,83.4,3244.78376322
2025-12-12 08:00:00,83.39,83.58,83.13,83.42,2460.505
2025-12-12 09:00:00,83.42,83.97,83.31,83.95,1887.868
2025-12-12 10:00:00,83.94,84.42,83.9,83.91,3258.536
2025-12-12 11:00:00,83.92,84.18,83.82,84.07,2086.645
2025-12-12 12:00:00,84.06,84.34,83.94,84.3,2200.76499928
2025-12-12 13:00:00,84.31,84.45,83.9,84.09,3074.91299964
2025-12-12 14:00:00,84.11,84.39,83.9,84.21,3850.728
2025-12-12 15:00:00,84.2,84.21,81.01,81.35,8491.331
2025-12-12 16:00:00,81.29,81.6,80.5,81.0,11070.42599927
2025-12-12 17:00:00,80.95,81.92,80.9,81.53,6589.24
2025-12-12 18:00:00,81.54,82.24,81.41,81.73,3189.747
2025-12-12 19:00:00,81.74,81.78,81.12,81.33,3334.684
2025-12-12 20:00:00,81.35,81.72,81.27,81.59,4209.898
2025-12-12 21:00:00,81.6,82.01,81.52,81.8,3940.236
2025-12-12 22:00:00,81.81,82.15,81.78,82.0,8593.018
2025-12-12 23:00:00,82.03,82.15,81.88,81.95,3401.356
2025-12-13 00:00:00,81.96,82.17,81.79,81.94,1739.425
2025-12-13 01:00:00,81.97,82.11,81.87,82.11,2113.234
2025-12-13 02:00:00,82.11,82.46,82.04,82.16,1388.451
2025-12-13 03:00:00,82.16,82.41,82.08,82.34,920.303
2025-12-13 04:00:00,82.37,82.44,82.26,82.32,1468.178
2025-12-13 05:00:00,82.31,82.41,82.13,82.23,1275.659
2025-12-13 06:00:00,82.23,82.23,81.66,81.66,1409.293
2025-12-13 07:00:00,81.65,81.86,81.64,81.83,1319.788
2025-12-13 08:00:00,81.85,82.28,81.85,81.99,3756.098
2025-12-13 09:00:00,82.0,82.09,81.74,81.86,2313.91
2025-12-13 10:00:00,81.86,82.06,81.78,81.81,1599.617
2025-12-13 11:00:00,81.82,81.82,81.59,81.61,1598.246
2025-12-13 12:00:00,81.62,81.91,81.4,81.57,3786.43872704
2025-12-13 13:00:00,81.58,81.68,81.32,81.39,1663.059
2025-12-13 14:00:00,81.4,81.51,81.23,81.47,3009.958
2025-12-13 15:00:00,81.46,81.93,81.44,81.75,3847.226
2025-12-13 16:00:00,81.73,81.99,81.68,81.92,1953.325
2025-12-13 17:00:00,81.92,81.93,81.51,81.59,2212.358
2025-12-13 18:00:00,81.59,81.66,81.25,81.31,1998.87399857
2025-12-13 19:00:00,81.32,81.51,81.26,81.4,1799.053
2025-12-13 20:00:00,81.41,81.54,81.32,81.39,997.537
2025-12-13 21:00:00,81.39,81.4,80.78,81.26,1570.775
2025-12-13 22:00:00,81.26,81.4,81.16,81.29,8096.95
2025-12-13 23:00:00,81.3,81.58,81.21,81.45,4323.594
2025-12-14 00:00:00,81.46,81.56,81.24,81.47,1315.144
2025-12-14 01:00:00,81.48,81.98,81.37,81.49,1492.728
2025-12-14 02:00:00,81.52,81.76,81.51,81.7,1216.962
2025-12-14 03:00:00,81.71,81.76,81.47,81.5,1374.138
2025-12-14 04:00:00,81.48,81.53,81.1,81.16,1108.455
2025-12-14 05:00:00,81.16,81.16,80.92,81.02,1811.798
2025-12-14 06:00:00,81.04,81.06,80.71,80.9,1969.63
2025-12-14 07:00:00,80.91,81.14,80.85,81.06,2022.35891955
2025-12-14 08:00:00,81.06,81.24,80.93,80.97,1537.925
2025-12-14 09:00:00,80.98,81.12,80.86,80.88,1549.761
2025-12-14 10:00:00,80.91,80.97,80.43,80.55,2952.315
2025-12-14 11:00:00,80.55,80.59,79.36,80.0,5955.69
2025-12-14 12:00:00,79.99,80.52,79.78,80.27,4438.511
2025-12-14 13:00:00,80.24,80.28,79.92,80.28,2736.60972093
2025-12-14 14:00:00,80.3,80.4,79.13,79.35,2999.16599966
2025-12-14 15:00:00,79.34,79.36,78.8,78.93,4563.266
2025-12-14 16:00:00,78.92,79.54,78.84,79.36,3225.871
2025-12-14 17:00:00,79.37,79.53,78.81,78.96,4196.08299966
2025-12-14 18:00:00,78.96,79.44,78.87,79.42,2827.951
2025-12-14 19:00:00,79.43,79.43,78.92,79.16,2733.385
2025-12-14 20:00:00,79.14,79.53,78.83,79.02,3758.675
2025-12-14 21:00:00,79.01,79.18,78.09,78.21,4691.314
2025-12-14 22:00:00,78.22,78.69,78.19,78.66,6319.093
2025-12-14 23:00:00,78.69,79.17,77.98,78.96,5778.235
2025-12-15 00:00:00,78.97,79.71,78.95,79.42,3885.991
2025-12-15 01:00:00,79.43,80.43,79.34,80.36,2592.979
2025-12-15 02:00:00,80.39,81.02,80.11,80.18,3134.42
2025-12-15 03:00:00,80.18,80.48,80.04,80.39,1906.03
2025-12-15 04:00:00,80.42,80.88,80.42,80.76,1916.466
2025-12-15 05:00:00,80.78,81.2,80.73,81.17,1911.61
2025-12-15 06:00:00,81.17,81.32,80.82,81.05,2946.58
2025-12-15 07:00:00,81.06,81.2,80.51,80.79,2145.885
2025-12-15 08:00:00,80.79,81.08,80.7,80.87,2211.277
2025-12-15 09:00:00,80.89,81.27,80.85,81.01,3080.818
2025-12-15 10:00:00,81.01,81.41,80.84,80.98,3095.692
2025-12-15 11:00:00,80.97,81.14,80.88,81.05,3889.77
2025-12-15 12:00:00,81.06,81.12,80.76,80.96,2585.70399779
2025-12-15 13:00:00,80.96,81.0,80.4,80.6,3144.144
2025-12-15 14:00:00,80.61,81.09,79.22,79.61,6014.50899814
2025-12-15 15:00:00,79.61,79.61,77.49,77.86,9156.84699852
2025-12-15 16:00:00,77.84,78.22,76.69,77.09,7452.60599963
2025-12-15 17:00:00,77.09,77.19,76.39,76.46,10631.87799926
2025-12-15 18:00:00,76.45,76.85,75.76,76.84,5793.69799924
2025-12-15 19:00:00,76.83,77.44,76.79,76.98,6666.02999963
2025-12-15 20:00:00,76.98,76.98,76.29,76.29,5166.88799926
2025-12-15 21:00:00,76.3,77.07,76.23,77.03,2645.51699926
2025-12-15 22:00:00,77.03,77.4,76.84,77.39,10583.75599963
2025-12-15 23:00:00,77.39,77.81,77.39,77.52,6531.35498742
2025-12-16 00:00:00,77.53,77.76,77.15,77.15,3115.856
2025-12-16 01:00:00,77.15,77.63,77.09,77.22,5450.11
2025-12-16 02:00:00,77.23,77.77,76.83,77.49,7653.786
2025-12-16 03:00:00,77.47,77.88,77.09,77.84,3518.311
2025-12-16 04:00:00,77.86,77.98,76.46,77.42,3981.36
2025-12-16 05:00:00,77.42,77.52,77.24,77.37,2276.196
2025-12-16 06:00:00,77.38,78.08,77.36,78.03,2338.459
2025-12-16 07:00:00,78.04,78.09,77.1,77.17,2252.746
2025-12-16 08:00:00,77.18,77.6,77.13,77.25,2821.185
2025-12-16 09:00:00,77.27,77.6,77.2,77.58,2260.517
2025-12-16 10:00:00,77.59,78.99,77.5,78.48,3546.435
2025-12-16 11:00:00,78.48,79.14,78.27,78.97,4160.483
2025-12-16 12:00:00,78.98,79.21,78.63,78.85,3750.843
2025-12-16 13:00:00,78.85,79.23,77.63,77.65,9572.36699925
2025-12-16 14:00:00,77.66,78.6,77.2,78.25,9083.25972792
2025-12-16 15:00:00,78.28,79.57,77.96,79.43,10115.91772828
2025-12-16 16:00:00,79.45,79.47,78.63,79.01,6054.22245582
2025-12-16 17:00:00,79.04,79.35,78.75,78.77,5547.2989989
2025-12-16 18:00:00,78.78,79.79,78.6,79.47,4327.447
2025-12-16 19:00:00,79.46,79.5,78.87,79.2,2302.60899315
2025-12-16 20:00:00,79.2,79.34,78.93,78.96,2055.675
2025-12-16 21:00:00,78.96,79.37,78.78,79.3,4052.087
2025-12-16 22:00:00,79.33,79.48,79.03,79.28,7598.315
2025-12-16 23:00:00,79.28,79.29,78.97,79.08,6697.114
2025-12-17 00:00:00,79.08,79.12,78.83,79.11,2960.408
2025-12-17 01:00:00,79.13,79.74,79.13,79.24,2948.331
2025-12-17 02:00:00,79.25,79.45,78.86,79.35,1669.73
2025-12-17 03:00:00,79.36,79.5,79.1,79.14,1833.244
2025-12-17 04:00:00,79.15,79.39,78.76,78.87,1662.631
2025-12-17 05:00:00,78.87,79.32,78.44,79.22,1942.191
2025-12-17 06:00:00,79.22,79.41,78.89,79.0,2502.298
2025-12-17 07:00:00,79.01,79.21,78.77,78.86,1594.315
2025-12-17 08:00:00,78.87,78.87,78.34,78.38,2143.008
2025-12-17 09:00:00,78.38,78.45,78.09,78.13,2167.071
2025-12-17 10:00:00,78.13,78.5,77.91,78.27,1867.768
2025-12-17 11:00:00,78.26,78.96,78.26,78.79,2627.269
2025-12-17 12:00:00,78.8,78.98,78.33,78.45,2364.306
2025-12-17 13:00:00,78.46,79.36,78.3,79.26,4857.51
2025-12-17 14:00:00,79.28,80.31,78.15,80.3,15969.08
2025-12-17 15:00:00,80.3,81.03,78.05,78.24,12898.32998917
2025-12-17 16:00:00,78.22,78.66,76.06,77.17,10693.563
2025-12-17 17:00:00,77.16,77.24,76.33,76.41,7920.39599691
2025-12-17 18:00:00,76.41,76.98,75.42,75.53,7652.55
2025-12-17 19:00:00,75.59,76.21,75.18,76.2,10784.52677419
2025-12-17 20:00:00,76.21,76.71,75.99,76.23,9321.46499897
2025-12-17 21:00:00,76.21,76.35,75.47,75.6,5498.977
2025-12-17 22:00:00,75.61,76.31,75.37,76.22,14620.569
2025-12-17 23:00:00,76.22,76.23,75.74,76.01,5422.393
2025-12-18 00:00:00,76.02,76.3,75.89,76.27,3055.477
2025-12-18 01:00:00,76.27,76.27,75.51,75.68,2280.886
2025-12-18 02:00:00,75.73,76.44,75.52,76.27,2264.411
2025-12-18 03:00:00,76.27,76.27,75.6,75.75,1982.525
2025-12-18 04:00:00,75.78,76.03,75.73,75.84,1268.44
2025-12-18 05:00:00,75.86,75.86,74.89,74.96,2563.26
2025-12-18 06:00:00,74.95,75.3,74.82,75.27,2406.707
2025-12-18 07:00:00,75.27,75.47,75.19,75.37,1844.89
2025-12-18 08:00:00,75.36,76.06,75.35,75.95,3754.967
2025-12-18 09:00:00,75.95,76.36,75.71,75.97,3529.532
2025-12-18 10:00:00,75.97,76.24,75.83,76.16,2520.569
2025-12-18 11:00:00,76.17,76.23,75.84,76.21,3288.885
2025-12-18 12:00:00,76.23,76.46,75.93,76.41,3219.85
2025-12-18 13:00:00,76.42,78.16,76.41,78.13,8655.708
2025-12-18 14:00:00,78.14,78.56,76.78,77.31,9457.356
2025-12-18 15:00:00,77.34,78.29,76.89,77.64,5152.156
2025-12-18 16:00:00,77.66,77.85,77.21,77.47,6180.058
2025-12-18 17:00:00,77.45,77.46,73.61,75.1,12432.0889845
2025-12-18 18:00:00,75.1,75.76,74.21,74.49,9085.256
2025-12-18 19:00:00,74.49,74.57,72.66,72.75,10143.052
2025-12-18 20:00:00,72.72,73.74,72.71,73.24,9455.5857261
2025-12-18 21:00:00,73.24,74.54,73.24,74.54,7239.438
2025-12-18 22:00:00,74.55,74.68,74.19,74.29,12106.192
2025-12-18 23:00:00,74.32,74.39,74.01,74.28,3473.14099429
2025-12-19 00:00:00,74.29,74.47,73.79,74.23,5856.711
2025-12-19 01:00:00,74.24,74.24,73.68,73.88,1744.269
2025-12-19 02:00:00,73.88,74.43,73.59,74.24,8017.661
2025-12-19 03:00:00,74.27,76.24,74.24,75.75,10796.081
2025-12-19 04:00:00,75.78,76.05,75.61,75.88,6697.18872064
2025-12-19 05:00:00,75.91,75.91,75.43,75.6,3375.526
2025-12-19 06:00:00,75.61,75.73,75.25,75.67,2446.30899865
2025-12-19 07:00:00,75.69,76.55,75.69,75.87,3011.57663321
2025-12-19 08:00:00,75.88,76.15,75.63,76.02,2785.755
2025-12-19 09:00:00,76.06,76.15,75.86,76.1,2525.799
2025-12-19 10:00:00,76.11,76.28,75.98,76.09,2532.668
2025-12-19 11:00:00,76.12,76.27,75.9,76.23,2311.692
2025-12-19 12:00:00,76.25,76.48,76.13,76.26,3816.78372993
2025-12-19 13:00:00,76.29,76.5,76.1,76.18,2626.04572822
2025-12-19 14:00:00,76.21,76.9,75.9,76.58,5235.96399728
2025-12-19 15:00:00,76.6,77.42,76.1,76.23,8616.69472798
2025-12-19 16:00:00,76.23,77.34,76.21,76.64,4558.98172735
2025-12-19 17:00:00,76.67,77.06,76.02,76.02,4284.99999866
2025-12-19 18:00:00,76.04,76.66,76.01,76.54,2990.109
2025-12-19 19:00:00,76.56,77.72,76.56,77.66,5997.37272978
2025-12-19 20:00:00,77.67,78.0,77.52,77.79,4642.23463252
2025-12-19 21:00:00,77.78,77.78,77.32,77.38,3193.72073023
2025-12-19 22:00:00,77.4,77.74,77.38,77.65,3703.73399866
2025-12-19 23:00:00,77.63,77.72,77.49,77.49,2036.225
2025-12-20 00:00:00,77.49,77.67,77.32,77.44,1793.486
2025-12-20 01:00:00,77.44,77.64,77.27,77.29,1386.71072996
2025-12-20 02:00:00,77.33,77.47,77.16,77.26,2744.642
2025-12-20 03:00:00,77.27,77.29,76.95,76.95,1750.115
2025-12-20 04:00:00,76.95,76.95,76.51,76.53,1310.451
2025-12-20 05:00:00,76.54,76.87,76.45,76.76,2042.138
2025-12-20 06:00:00,76.76,76.96,76.73,76.84,3491.569
2025-12-20 07:00:00,76.85,77.16,76.66,77.12,2065.812
2025-12-20 08:00:00,77.1,77.6,77.08,77.39,1774.106
2025-12-20 09:00:00,77.4,77.75,77.32,77.52,3104.589
2025-12-20 10:00:00,77.53,77.59,77.14,77.19,2401.256
2025-12-20 11:00:00,77.19,77.47,77.1,77.37,3571.631
2025-12-20 12:00:00,77.37,77.37,77.04,77.09,1682.59
2025-12-20 13:00:00,77.08,77.11,76.67,77.02,2846.531
2025-12-20 14:00:00,77.02,77.02,76.67,76.99,2492.302
2025-12-20 15:00:00,76.99,77.03,76.67,76.7,1837.362
2025-12-20 16:00:00,76.72,76.86,76.55,76.84,3153.23799733
2025-12-20 17:00:00,76.85,77.05,76.8,76.95,2473.205
2025-12-20 18:00:00,76.95,77.34,76.86,77.25,2707.03573072
2025-12-20 19:00:00,77.25,77.46,77.16,77.31,2223.706
2025-12-20 20:00:00,77.34,77.58,77.29,77.58,1902.983
2025-12-20 21:00:00,77.57,77.92,77.56,77.89,1868.075
2025-12-20 22:00:00,77.89,78.42,77.89,78.38,4475.64583628
2025-12-20 23:00:00,78.4,79.38,77.8,77.85,5264.179
2025-12-21 00:00:00,77.85,78.03,77.7,77.84,1716.298
2025-12-21 01:00:00,77.84,77.86,77.25,77.26,4747.881
2025-12-21 02:00:00,77.26,77.5,76.83,77.01,3037.033
2025-12-21 03:00:00,77.01,77.42,76.98,77.25,1926.81073118
2025-12-21 04:00:00,77.24,77.3,77.01,77.09,1503.516
2025-12-21 05:00:00,77.07,77.48,77.01,77.12,1174.624
2025-12-21 06:00:00,77.12,77.3,77.1,77.21,1519.056
2025-12-21 07:00:00,77.2,77.22,77.01,77.19,1334.404
2025-12-21 08:00:00,77.2,77.59,76.93,77.45,3565.338
2025-12-21 09:00:00,77.46,77.82,77.28,77.69,3015.588
2025-12-21 10:00:00,77.69,77.96,77.32,77.44,2507.537
2025-12-21 11:00:00,77.45,77.63,77.37,77.43,1521.82973139
2025-12-21 12:00:00,77.44,77.61,76.88,77.01,2039.84
2025-12-21 13:00:00,77.01,77.01,75.5,75.66,5704.379
2025-12-21 14:00:00,75.65,76.27,75.57,76.02,2611.245
2025-12-21 15:00:00,76.01,76.19,75.7,75.96,4003.23398366
2025-12-21 16:00:00,75.96,76.38,75.82,76.36,4603.781
2025-12-21 17:00:00,76.36,76.7,76.2,76.26,2793.61
2025-12-21 18:00:00,76.29,76.37,75.93,76.37,2404.024
2025-12-21 19:00:00,76.37,76.77,76.25,76.6,2014.794
2025-12-21 20:00:00,76.6,76.61,76.22,76.27,2132.82599589
2025-12-21 21:00:00,76.27,76.43,76.0,76.05,3669.90799861
2025-12-21 22:00:00,76.03,76.64,75.98,76.6,8391.861
2025-12-21 23:00:00,76.61,76.96,76.49,76.78,4630.417
2025-12-22 00:00:00,76.77,78.23,76.77,77.16,7497.935
2025-12-22 01:00:00,77.14,77.86,77.11,77.2,2817.689
2025-12-22 02:00:00,77.2,77.66,76.44,77.49,5278.88
2025-12-22 03:00:00,77.51,78.34,77.35,78.02,5348.265
2025-12-22 04:00:00,78.02,78.12,77.59,77.94,4509.79573137
2025-12-22 05:00:00,77.93,78.27,77.62,77.65,2909.363
2025-12-22 06:00:00,77.64,77.8,77.42,77.53,2475.244
2025-12-22 07:00:00,77.49,77.9,77.48,77.83,1858.008
2025-12-22 08:00:00,77.81,78.33,77.72,77.76,3765.312
2025-12-22 09:00:00,77.79,78.17,77.65,77.86,5156.973
2025-12-22 10:00:00,77.89,78.08,77.71,77.93,3812.58499718
2025-12-22 11:00:00,77.92,78.06,77.67,77.92,3793.413
2025-12-22 12:00:00,77.93,78.32,77.71,78.16,3845.822
2025-12-22 13:00:00,78.18,78.18,77.82,78.1,2628.887
2025-12-22 14:00:00,78.11,78.56,77.74,78.56,5809.292
2025-12-22 15:00:00,78.57,79.48,78.31,79.29,7121.08726208
2025-12-22 16:00:00,79.32,79.4,78.76,78.87,5257.9732469
2025-12-22 17:00:00,78.87,78.88,78.35,78.54,3258.792
2025-12-22 18:00:00,78.54,78.79,78.22,78.34,5655.969
2025-12-22 19:00:00,78.34,78.34,76.94,77.08,8168.39
2025-12-22 20:00:00,77.05,77.18,76.34,76.41,7462.205
2025-12-22 21:00:00,76.41,76.97,76.35,76.73,4175.90573109
2025-12-22 22:00:00,76.74,77.3,76.56,77.18,11126.715
2025-12-22 23:00:00,77.18,77.22,76.92,77.04,7017.331379
2025-12-23 00:00:00,77.04,77.42,76.98,77.18,2494.168
2025-12-23 01:00:00,77.15,77.2,76.54,76.9,1750.703
2025-12-23 02:00:00,76.9,77.11,76.43,76.53,3892.27
2025-12-23 03:00:00,76.54,77.0,76.16,76.77,1648.681
2025-12-23 04:00:00,76.77,77.07,76.65,76.89,2408.636
2025-12-23 05:00:00,76.82,76.99,76.35,76.99,5277.9
2025-12-23 06:00:00,76.99,77.01,76.42,76.65,4535.968
2025-12-23 07:00:00,76.67,76.99,76.59,76.76,4316.088
2025-12-23 08:00:00,76.77,77.02,76.5,76.57,3650.877
2025-12-23 09:00:00,76.56,76.67,76.33,76.6,2967.487
2025-12-23 10:00:00,76.61,76.76,76.41,76.6,3406.945
2025-12-23 11:00:00,76.6,77.01,76.52,76.92,3532.526
2025-12-23 12:00:00,76.92,77.1,76.61,76.93,4036.602
2025-12-23 13:00:00,76.9,76.92,76.2,76.38,3712.21
2025-12-23 14:00:00,76.38,76.69,75.53,75.97,5586.017
2025-12-23 15:00:00,75.95,76.73,75.8,76.69,4710.22553108
2025-12-23 16:00:00,76.67,77.51,76.53,77.24,3586.84299571
2025-12-23 17:00:00,77.28,77.74,77.24,77.51,1122.736
